week no,ADR
W 28,12753.583676457132
W 31,12752.72419909101
W 27,12730.854953475644
W 30,12728.508647450111
W 32,12725.839491217444
W 20,12724.577477641906
W 23,12715.212784684783
W 21,12709.81807122318
W 22,12687.042802268154
W 29,12682.028498820113
W 25,12672.418806542995
W 26,12659.68958633692
W 24,12642.125079250069
W 19,12602.10341997264
