city,Average Rating
Delhi,3.779015240328253
Hyderabad,3.66113228089276
Mumbai,3.6504552641622596
Bangalore,3.4076808351976138
