room_class,Booking % by Room class
Elite,36.782078906308044
Standard,28.565272308492457
Premium,22.71045397132031
Presidential,11.942194813879189
