booking_platform,Realisation %,ADR
direct offline,78.26%,16203.826086956522
tripster,74.87%,15585.88944723618
direct online,71.85%,15219.529411764706
logtrip,70.75%,15495.177865612648
others,70.40%,15160.755598831549
journey,70.00%,15285.42857142857
makeyourtrip,69.02%,14948.956340956342
