day_type,RevPAR,Realisation %,Occupancy %,ADR
weekend,10053.046793760832,72.77%,66.20%,15184.837696335078
weekday,9074.362564991334,70.33%,59.34%,15291.785046728972
