Month,week no,Occupancy %,RevPAR,ADR
May,W 20,61.30%,9353.986630354048,15258.785137318255
